,JS Source,JS NAME
0,https://platform.linkedin.com/litms/utag/homepage-guest-frontend/utag.js?cb=1688844000000,
1,https://platform.linkedin.com/litms/utag/homepage-guest-frontend/utag.107.js?utv=ut4.46.202306281502,
2,https://platform.linkedin.com/litms/utag/homepage-guest-frontend/utag.109.js?utv=ut4.46.202306281502,
3,https://platform.linkedin.com/litms/utag/homepage-guest-frontend/utag.119.js?utv=ut4.46.202306281502,
4,https://platform.linkedin.com/litms/utag/homepage-guest-frontend/utag.120.js?utv=ut4.46.202306281502,
5,https://platform.linkedin.com/litms/utag/homepage-guest-frontend/utag.122.js?utv=ut4.46.202306281502,
6,https://platform.linkedin.com/litms/utag/homepage-guest-frontend/utag.123.js?utv=ut4.46.202306281502,
7,https://static.licdn.com/aero-v1/sc/h/8m736dfzskmdn6bwwqz67iiki,6981c7ac2135c2bf51b83ab175ea47.js
8,https://static.licdn.com/aero-v1/sc/h/bn8z3gyyugvzaov6pcj6onjte,
9,https://static.licdn.com/aero-v1/sc/h/51t74mlo1ty7vakn3a80a9jcp,
10,https://static.licdn.com/aero-v1/sc/h/8m736dfzskmdn6bwwqz67iiki,
11,https://static.licdn.com/aero-v1/sc/h/5mic7em4akle2l5km6kwwo2hf,f1b5751cf28c8df36056baebc0dade.js
